<?xml version='1.0' encoding='UTF-8' ?>
<timeLogEntries>
  <time id="1" path="/AlejandroSuarezLab2/PSP0/Code" start="@1583696817295" delta="17" interrupt="1" />
  <time id="2" path="/AlejandroSuarezLab2/PSP0/Code" start="@1583698831429" delta="11" />
  <time id="3" path="/AlejandroSuarezLab2/PSP0/Test" start="@1583704221790" delta="74" />
  <time id="4" path="/AlejandroSuarezLab2/PSP0/Code" start="@1583893961844" delta="13" interrupt="3" />
  <time id="5" path="/AlejandroSuarezLab2/PSP0/Code" start="@1583961476944" delta="18" />
  <time id="6" path="/AlejandroSuarezLab2/PSP0/Test" start="@1584233535534" delta="45" />
  <time id="7" path="/AlejandroSuarezLab2/PSP0/Test" start="@1584238125645" delta="15" />
  <time id="8" path="/AlejandroSuarezLab2/PSP0/Design" start="@1584376821682" delta="46" />
  <time id="9" path="/AlejandroSuarezLab2/PSP0/Test" start="@1584379602265" delta="13" />
  <time id="10" path="/AlejandroSuarezLab2/PSP0/Design" start="@1584380400362" delta="24" />
  <time id="11" path="/AlejandroSuarezLab2/PSP0/Design" start="@1584829894781" delta="41" />
  <time id="12" path="/AlejandroSuarezLab2/PSP0/Design" start="@1584833556495" delta="112" />
  <time id="13" path="/AlejandroSuarezLab2/PSP0/Design" start="@1584911623769" delta="29" />
  <time id="14" path="/AlejandroSuarezLab2/PSP0/Design" start="@1584914094628" delta="8" />
  <time id="15" path="/AlejandroSuarezLab2/PSP0/Design" start="@1584917620629" delta="18" />
  <time id="16" path="/AlejandroSuarezLab2/PSP0/Design" start="@1584999947285" delta="38" />
  <time id="17" path="/AlejandroSuarezLab2/PSP0/Design" start="@1585010081366" delta="20" />
  <time id="18" path="/AlejandroSuarezLab2/PSP0/Design" start="@1585094259682" delta="143" />
</timeLogEntries>
